experiment_id,task,session_id,model,reasoning_effort,request_index,timestamp,input_tokens,cached_input_tokens,uncached_input_tokens,output_tokens,reasoning_output_tokens,non_reasoning_output_tokens,total_tokens,cum_input_tokens,cum_cached_input_tokens,cum_uncached_input_tokens,cum_output_tokens,cum_reasoning_output_tokens,cum_total_tokens
glm52-codex-01,glm52/routed_swiglu_decode,019f6150-b7f2-7791-9dda-83e4fa81b470,gpt-5.5,xhigh,1,2026-07-14T15:48:46.048Z,10458,0,10458,196,36,160,10654,10458,0,10458,196,36,10654
glm52-codex-01,glm52/routed_swiglu_decode,019f6150-b7f2-7791-9dda-83e4fa81b470,gpt-5.5,xhigh,2,2026-07-14T15:48:55.672Z,12129,10368,1761,175,98,77,12304,22587,10368,12219,371,134,22958
glm52-codex-01,glm52/routed_swiglu_decode,019f6150-b7f2-7791-9dda-83e4fa81b470,gpt-5.5,xhigh,3,2026-07-14T15:49:05.610Z,12314,11904,410,174,0,174,12488,34901,22272,12629,545,134,35446
glm52-codex-01,glm52/routed_swiglu_decode,019f6150-b7f2-7791-9dda-83e4fa81b470,gpt-5.5,xhigh,4,2026-07-14T15:49:17.994Z,13977,0,13977,535,31,504,14512,48878,22272,26606,1080,165,49958
glm52-codex-01,glm52/routed_swiglu_decode,019f6150-b7f2-7791-9dda-83e4fa81b470,gpt-5.5,xhigh,5,2026-07-14T15:49:48.797Z,21396,0,21396,671,367,304,22067,70274,22272,48002,1751,532,72025
glm52-codex-01,glm52/routed_swiglu_decode,019f6150-b7f2-7791-9dda-83e4fa81b470,gpt-5.5,xhigh,6,2026-07-14T15:50:15.326Z,23749,11904,11845,439,81,358,24188,94023,34176,59847,2190,613,96213
glm52-codex-01,glm52/routed_swiglu_decode,019f6150-b7f2-7791-9dda-83e4fa81b470,gpt-5.5,xhigh,7,2026-07-14T15:50:34.650Z,28867,23680,5187,461,110,351,29328,122890,57856,65034,2651,723,125541
glm52-codex-01,glm52/routed_swiglu_decode,019f6150-b7f2-7791-9dda-83e4fa81b470,gpt-5.5,xhigh,8,2026-07-14T15:50:57.454Z,39472,28800,10672,347,0,347,39819,162362,86656,75706,2998,723,165360
glm52-codex-01,glm52/routed_swiglu_decode,019f6150-b7f2-7791-9dda-83e4fa81b470,gpt-5.5,xhigh,9,2026-07-14T15:51:37.106Z,45807,0,45807,437,87,350,46244,208169,86656,121513,3435,810,211604
glm52-codex-01,glm52/routed_swiglu_decode,019f6150-b7f2-7791-9dda-83e4fa81b470,gpt-5.5,xhigh,10,2026-07-14T15:52:55.582Z,47789,0,47789,301,0,301,48090,255958,86656,169302,3736,810,259694
glm52-codex-01,glm52/routed_swiglu_decode,019f6150-b7f2-7791-9dda-83e4fa81b470,gpt-5.5,xhigh,11,2026-07-14T15:53:10.817Z,49112,39040,10072,327,0,327,49439,305070,125696,179374,4063,810,309133
glm52-codex-01,glm52/routed_swiglu_decode,019f6150-b7f2-7791-9dda-83e4fa81b470,gpt-5.5,xhigh,12,2026-07-14T15:53:52.850Z,55934,0,55934,1437,850,587,57371,361004,125696,235308,5500,1660,366504
glm52-codex-01,glm52/routed_swiglu_decode,019f6150-b7f2-7791-9dda-83e4fa81b470,gpt-5.5,xhigh,13,2026-07-14T15:55:36.801Z,63373,48768,14605,53,0,53,63426,424377,174464,249913,5553,1660,429930
glm52-codex-01,glm52/routed_swiglu_decode,019f6150-b7f2-7791-9dda-83e4fa81b470,gpt-5.5,xhigh,14,2026-07-14T15:56:08.704Z,63688,63104,584,2206,1024,1182,65894,488065,237568,250497,7759,2684,495824
glm52-codex-01,glm52/routed_swiglu_decode,019f6150-b7f2-7791-9dda-83e4fa81b470,gpt-5.5,xhigh,15,2026-07-14T15:56:33.023Z,64934,63616,1318,128,0,128,65062,552999,301184,251815,7887,2684,560886
glm52-codex-01,glm52/routed_swiglu_decode,019f6150-b7f2-7791-9dda-83e4fa81b470,gpt-5.5,xhigh,16,2026-07-14T15:57:16.026Z,66411,64640,1771,794,512,282,67205,619410,365824,253586,8681,3196,628091
glm52-codex-01,glm52/routed_swiglu_decode,019f6150-b7f2-7791-9dda-83e4fa81b470,gpt-5.5,xhigh,17,2026-07-14T15:57:56.653Z,66536,0,66536,121,11,110,66657,685946,365824,320122,8802,3207,694748
glm52-codex-01,glm52/routed_swiglu_decode,019f6150-b7f2-7791-9dda-83e4fa81b470,gpt-5.5,xhigh,18,2026-07-14T15:58:28.322Z,67368,66176,1192,234,0,234,67602,753314,432000,321314,9036,3207,762350
glm52-codex-01,glm52/routed_swiglu_decode,019f6150-b7f2-7791-9dda-83e4fa81b470,gpt-5.5,xhigh,19,2026-07-14T15:59:10.253Z,67678,67200,478,115,0,115,67793,820992,499200,321792,9151,3207,830143
glm52-codex-01,glm52/routed_swiglu_decode,019f6150-b7f2-7791-9dda-83e4fa81b470,gpt-5.5,xhigh,20,2026-07-14T15:59:42.289Z,68314,0,68314,530,87,443,68844,889306,499200,390106,9681,3294,898987
glm52-codex-01,glm52/routed_swiglu_decode,019f6150-b7f2-7791-9dda-83e4fa81b470,gpt-5.5,xhigh,21,2026-07-14T16:00:14.563Z,70576,67200,3376,547,79,468,71123,959882,566400,393482,10228,3373,970110
glm52-codex-01,glm52/routed_swiglu_decode,019f6150-b7f2-7791-9dda-83e4fa81b470,gpt-5.5,xhigh,22,2026-07-14T16:00:49.718Z,71114,70272,842,140,14,126,71254,1030996,636672,394324,10368,3387,1041364
glm52-codex-01,glm52/routed_swiglu_decode,019f6150-b7f2-7791-9dda-83e4fa81b470,gpt-5.5,xhigh,23,2026-07-14T16:01:33.485Z,71666,0,71666,628,435,193,72294,1102662,636672,465990,10996,3822,1113658
glm52-codex-01,glm52/routed_swiglu_decode,019f6150-b7f2-7791-9dda-83e4fa81b470,gpt-5.5,xhigh,24,2026-07-14T16:02:18.020Z,72281,70784,1497,219,0,219,72500,1174943,707456,467487,11215,3822,1186158
glm52-codex-01,glm52/routed_swiglu_decode,019f6150-b7f2-7791-9dda-83e4fa81b470,gpt-5.5,xhigh,25,2026-07-14T16:03:06.507Z,74172,0,74172,1245,815,430,75417,1249115,707456,541659,12460,4637,1261575
glm52-codex-01,glm52/routed_swiglu_decode,019f6150-b7f2-7791-9dda-83e4fa81b470,gpt-5.5,xhigh,26,2026-07-14T16:05:19.406Z,84662,47744,36918,2912,1024,1888,87574,1333777,755200,578577,15372,5661,1349149
glm52-codex-01,glm52/routed_swiglu_decode,019f6150-b7f2-7791-9dda-83e4fa81b470,gpt-5.5,xhigh,27,2026-07-14T16:05:55.486Z,86614,71808,14806,300,0,300,86914,1420391,827008,593383,15672,5661,1436063
glm52-codex-01,glm52/routed_swiglu_decode,019f6150-b7f2-7791-9dda-83e4fa81b470,gpt-5.5,xhigh,28,2026-07-14T16:06:27.738Z,86990,84608,2382,38,0,38,87028,1507381,911616,595765,15710,5661,1523091
glm52-codex-01,glm52/routed_swiglu_decode,019f6150-b7f2-7791-9dda-83e4fa81b470,gpt-5.5,xhigh,29,2026-07-14T16:06:48.569Z,88059,86144,1915,228,78,150,88287,1595440,997760,597680,15938,5739,1611378
glm52-codex-01,glm52/routed_swiglu_decode,019f6150-b7f2-7791-9dda-83e4fa81b470,gpt-5.5,xhigh,30,2026-07-14T16:07:53.322Z,88230,87680,550,94,0,94,88324,1683670,1085440,598230,16032,5739,1699702
glm52-codex-01,glm52/routed_swiglu_decode,019f6150-b7f2-7791-9dda-83e4fa81b470,gpt-5.5,xhigh,31,2026-07-14T16:08:25.217Z,88386,0,88386,87,0,87,88473,1772056,1085440,686616,16119,5739,1788175
glm52-codex-01,glm52/routed_swiglu_decode,019f6150-b7f2-7791-9dda-83e4fa81b470,gpt-5.5,xhigh,32,2026-07-14T16:09:04.667Z,89255,88192,1063,693,512,181,89948,1861311,1173632,687679,16812,6251,1878123
glm52-codex-01,glm52/routed_swiglu_decode,019f6150-b7f2-7791-9dda-83e4fa81b470,gpt-5.5,xhigh,33,2026-07-14T16:10:35.116Z,89457,89216,241,850,0,850,90307,1950768,1262848,687920,17662,6251,1968430
glm52-codex-01,glm52/routed_swiglu_decode,019f6150-b7f2-7791-9dda-83e4fa81b470,gpt-5.5,xhigh,34,2026-07-14T16:10:56.009Z,90383,89216,1167,33,0,33,90416,2041151,1352064,689087,17695,6251,2058846
glm52-codex-01,glm52/routed_swiglu_decode,019f6150-b7f2-7791-9dda-83e4fa81b470,gpt-5.5,xhigh,35,2026-07-14T16:11:44.654Z,91447,90240,1207,261,104,157,91708,2132598,1442304,690294,17956,6355,2150554
glm52-codex-01,glm52/routed_swiglu_decode,019f6150-b7f2-7791-9dda-83e4fa81b470,gpt-5.5,xhigh,36,2026-07-14T16:13:00.399Z,93119,91264,1855,94,0,94,93213,2225717,1533568,692149,18050,6355,2243767
glm52-codex-01,glm52/routed_swiglu_decode,019f6150-b7f2-7791-9dda-83e4fa81b470,gpt-5.5,xhigh,37,2026-07-14T16:13:56.723Z,93273,92800,473,37,0,37,93310,2318990,1626368,692622,18087,6355,2337077
glm52-codex-01,glm52/routed_swiglu_decode,019f6150-b7f2-7791-9dda-83e4fa81b470,gpt-5.5,xhigh,38,2026-07-14T16:14:35.927Z,94340,86656,7684,120,27,93,94460,2413330,1713024,700306,18207,6382,2431537
glm52-codex-01,glm52/routed_swiglu_decode,019f6150-b7f2-7791-9dda-83e4fa81b470,gpt-5.5,xhigh,39,2026-07-14T16:15:46.971Z,95199,0,95199,655,512,143,95854,2508529,1713024,795505,18862,6894,2527391
glm52-codex-01,glm52/routed_swiglu_decode,019f6150-b7f2-7791-9dda-83e4fa81b470,gpt-5.5,xhigh,40,2026-07-14T16:17:01.382Z,95448,92800,2648,46,0,46,95494,2603977,1805824,798153,18908,6894,2622885
glm52-codex-01,glm52/routed_swiglu_decode,019f6150-b7f2-7791-9dda-83e4fa81b470,gpt-5.5,xhigh,41,2026-07-14T16:17:16.884Z,96525,0,96525,105,23,82,96630,2700502,1805824,894678,19013,6917,2719515
glm52-codex-01,glm52/routed_swiglu_decode,019f6150-b7f2-7791-9dda-83e4fa81b470,gpt-5.5,xhigh,42,2026-07-14T16:18:05.246Z,98014,93824,4190,752,518,234,98766,2798516,1899648,898868,19765,7435,2818281
glm52-codex-01,glm52/routed_swiglu_decode,019f6150-b7f2-7791-9dda-83e4fa81b470,gpt-5.5,xhigh,43,2026-07-14T16:20:06.496Z,101319,95360,5959,2006,377,1629,103325,2899835,1995008,904827,21771,7812,2921606
glm52-codex-01,glm52/routed_swiglu_decode,019f6150-b7f2-7791-9dda-83e4fa81b470,gpt-5.5,xhigh,44,2026-07-14T16:20:54.960Z,103018,100992,2026,41,0,41,103059,3002853,2096000,906853,21812,7812,3024665
glm52-codex-01,glm52/routed_swiglu_decode,019f6150-b7f2-7791-9dda-83e4fa81b470,gpt-5.5,xhigh,45,2026-07-14T16:21:35.493Z,104090,94848,9242,220,76,144,104310,3106943,2190848,916095,22032,7888,3128975
glm52-codex-01,glm52/routed_swiglu_decode,019f6150-b7f2-7791-9dda-83e4fa81b470,gpt-5.5,xhigh,46,2026-07-14T16:22:44.365Z,104255,102528,1727,72,0,72,104327,3211198,2293376,917822,22104,7888,3233302
glm52-codex-01,glm52/routed_swiglu_decode,019f6150-b7f2-7791-9dda-83e4fa81b470,gpt-5.5,xhigh,47,2026-07-14T16:23:29.046Z,103785,0,103785,39,0,39,103824,3314983,2293376,1021607,22143,7888,3337126
glm52-codex-01,glm52/routed_swiglu_decode,019f6150-b7f2-7791-9dda-83e4fa81b470,gpt-5.5,xhigh,48,2026-07-14T16:24:15.045Z,105512,104064,1448,53,0,53,105565,3420495,2397440,1023055,22196,7888,3442691
glm52-codex-01,glm52/routed_swiglu_decode,019f6150-b7f2-7791-9dda-83e4fa81b470,gpt-5.5,xhigh,49,2026-07-14T16:27:43.779Z,106964,105088,1876,422,153,269,107386,3527459,2502528,1024931,22618,8041,3550077
glm52-codex-01,glm52/routed_swiglu_decode,019f6150-b7f2-7791-9dda-83e4fa81b470,gpt-5.5,xhigh,50,2026-07-14T16:28:43.461Z,109392,106624,2768,716,512,204,110108,3636851,2609152,1027699,23334,8553,3660185
glm52-codex-01,glm52/routed_swiglu_decode,019f6150-b7f2-7791-9dda-83e4fa81b470,gpt-5.5,xhigh,51,2026-07-14T16:29:55.025Z,112626,109184,3442,1845,512,1333,114471,3749477,2718336,1031141,25179,9065,3774656
glm52-codex-01,glm52/routed_swiglu_decode,019f6150-b7f2-7791-9dda-83e4fa81b470,gpt-5.5,xhigh,52,2026-07-14T16:31:56.015Z,114048,112256,1792,483,151,332,114531,3863525,2830592,1032933,25662,9216,3889187
glm52-codex-01,glm52/routed_swiglu_decode,019f6150-b7f2-7791-9dda-83e4fa81b470,gpt-5.5,xhigh,53,2026-07-14T16:32:46.007Z,116498,0,116498,312,147,165,116810,3980023,2830592,1149431,25974,9363,4005997
glm52-codex-01,glm52/routed_swiglu_decode,019f6150-b7f2-7791-9dda-83e4fa81b470,gpt-5.5,xhigh,54,2026-07-14T16:33:13.608Z,117420,113792,3628,154,61,93,117574,4097443,2944384,1153059,26128,9424,4123571
glm52-codex-01,glm52/routed_swiglu_decode,019f6150-b7f2-7791-9dda-83e4fa81b470,gpt-5.5,xhigh,55,2026-07-14T16:34:14.541Z,117535,117376,159,57,0,57,117592,4214978,3061760,1153218,26185,9424,4241163
glm52-codex-01,glm52/routed_swiglu_decode,019f6150-b7f2-7791-9dda-83e4fa81b470,gpt-5.5,xhigh,56,2026-07-14T16:34:49.880Z,117776,117376,400,295,0,295,118071,4332754,3179136,1153618,26480,9424,4359234
glm52-codex-02,glm52/routed_swiglu_prefill,019f6150-b81e-7730-9a0f-ffd286bcec37,gpt-5.5,xhigh,1,2026-07-14T15:48:48.083Z,10464,0,10464,216,58,158,10680,10464,0,10464,216,58,10680
glm52-codex-02,glm52/routed_swiglu_prefill,019f6150-b81e-7730-9a0f-ffd286bcec37,gpt-5.5,xhigh,2,2026-07-14T15:48:54.484Z,12129,10368,1761,118,39,79,12247,22593,10368,12225,334,97,22927
glm52-codex-02,glm52/routed_swiglu_prefill,019f6150-b81e-7730-9a0f-ffd286bcec37,gpt-5.5,xhigh,3,2026-07-14T15:49:05.427Z,12316,0,12316,169,0,169,12485,34909,10368,24541,503,97,35412
glm52-codex-02,glm52/routed_swiglu_prefill,019f6150-b81e-7730-9a0f-ffd286bcec37,gpt-5.5,xhigh,4,2026-07-14T15:49:23.278Z,15130,11904,3226,607,68,539,15737,50039,22272,27767,1110,165,51149
glm52-codex-02,glm52/routed_swiglu_prefill,019f6150-b81e-7730-9a0f-ffd286bcec37,gpt-5.5,xhigh,5,2026-07-14T15:49:39.923Z,22765,0,22765,277,50,227,23042,72804,22272,50532,1387,215,74191
glm52-codex-02,glm52/routed_swiglu_prefill,019f6150-b81e-7730-9a0f-ffd286bcec37,gpt-5.5,xhigh,6,2026-07-14T15:49:54.021Z,23534,14976,8558,355,95,260,23889,96338,37248,59090,1742,310,98080
glm52-codex-02,glm52/routed_swiglu_prefill,019f6150-b81e-7730-9a0f-ffd286bcec37,gpt-5.5,xhigh,7,2026-07-14T15:50:25.068Z,27695,23168,4527,131,0,131,27826,124033,60416,63617,1873,310,125906
glm52-codex-02,glm52/routed_swiglu_prefill,019f6150-b81e-7730-9a0f-ffd286bcec37,gpt-5.5,xhigh,8,2026-07-14T15:51:27.228Z,28489,0,28489,415,80,335,28904,152522,60416,92106,2288,390,154810
glm52-codex-02,glm52/routed_swiglu_prefill,019f6150-b81e-7730-9a0f-ffd286bcec37,gpt-5.5,xhigh,9,2026-07-14T15:52:42.227Z,35498,27264,8234,334,21,313,35832,188020,87680,100340,2622,411,190642
glm52-codex-02,glm52/routed_swiglu_prefill,019f6150-b81e-7730-9a0f-ffd286bcec37,gpt-5.5,xhigh,10,2026-07-14T15:53:04.940Z,40538,0,40538,285,134,151,40823,228558,87680,140878,2907,545,231465
glm52-codex-02,glm52/routed_swiglu_prefill,019f6150-b81e-7730-9a0f-ffd286bcec37,gpt-5.5,xhigh,11,2026-07-14T15:53:25.235Z,42384,11904,30480,618,0,618,43002,270942,99584,171358,3525,545,274467
glm52-codex-02,glm52/routed_swiglu_prefill,019f6150-b81e-7730-9a0f-ffd286bcec37,gpt-5.5,xhigh,12,2026-07-14T15:55:04.501Z,43079,35456,7623,119,0,119,43198,314021,135040,178981,3644,545,317665
glm52-codex-02,glm52/routed_swiglu_prefill,019f6150-b81e-7730-9a0f-ffd286bcec37,gpt-5.5,xhigh,13,2026-07-14T15:55:21.511Z,44016,42624,1392,191,18,173,44207,358037,177664,180373,3835,563,361872
glm52-codex-02,glm52/routed_swiglu_prefill,019f6150-b81e-7730-9a0f-ffd286bcec37,gpt-5.5,xhigh,14,2026-07-14T15:55:39.437Z,44260,43648,612,95,0,95,44355,402297,221312,180985,3930,563,406227
glm52-codex-02,glm52/routed_swiglu_prefill,019f6150-b81e-7730-9a0f-ffd286bcec37,gpt-5.5,xhigh,15,2026-07-14T15:56:07.555Z,44950,0,44950,711,94,617,45661,447247,221312,225935,4641,657,451888
glm52-codex-02,glm52/routed_swiglu_prefill,019f6150-b81e-7730-9a0f-ffd286bcec37,gpt-5.5,xhigh,16,2026-07-14T15:56:36.707Z,45862,44160,1702,95,0,95,45957,493109,265472,227637,4736,657,497845
glm52-codex-02,glm52/routed_swiglu_prefill,019f6150-b81e-7730-9a0f-ffd286bcec37,gpt-5.5,xhigh,17,2026-07-14T15:57:01.665Z,46732,45696,1036,393,62,331,47125,539841,311168,228673,5129,719,544970
glm52-codex-02,glm52/routed_swiglu_prefill,019f6150-b81e-7730-9a0f-ffd286bcec37,gpt-5.5,xhigh,18,2026-07-14T15:57:58.754Z,53625,46208,7417,819,381,438,54444,593466,357376,236090,5948,1100,599414
glm52-codex-02,glm52/routed_swiglu_prefill,019f6150-b81e-7730-9a0f-ffd286bcec37,gpt-5.5,xhigh,19,2026-07-14T15:58:27.421Z,54581,53376,1205,854,512,342,55435,648047,410752,237295,6802,1612,654849
glm52-codex-02,glm52/routed_swiglu_prefill,019f6150-b81e-7730-9a0f-ffd286bcec37,gpt-5.5,xhigh,20,2026-07-14T15:58:49.255Z,61319,54400,6919,369,0,369,61688,709366,465152,244214,7171,1612,716537
glm52-codex-02,glm52/routed_swiglu_prefill,019f6150-b81e-7730-9a0f-ffd286bcec37,gpt-5.5,xhigh,21,2026-07-14T15:59:23.081Z,68428,61056,7372,261,41,220,68689,777794,526208,251586,7432,1653,785226
glm52-codex-02,glm52/routed_swiglu_prefill,019f6150-b81e-7730-9a0f-ffd286bcec37,gpt-5.5,xhigh,22,2026-07-14T15:59:40.250Z,71910,0,71910,444,0,444,72354,849704,526208,323496,7876,1653,857580
glm52-codex-02,glm52/routed_swiglu_prefill,019f6150-b81e-7730-9a0f-ffd286bcec37,gpt-5.5,xhigh,23,2026-07-14T16:00:03.860Z,72420,68224,4196,56,0,56,72476,922124,594432,327692,7932,1653,930056
glm52-codex-02,glm52/routed_swiglu_prefill,019f6150-b81e-7730-9a0f-ffd286bcec37,gpt-5.5,xhigh,24,2026-07-14T16:00:49.374Z,73508,72320,1188,178,26,152,73686,995632,666752,328880,8110,1679,1003742
glm52-codex-02,glm52/routed_swiglu_prefill,019f6150-b81e-7730-9a0f-ffd286bcec37,gpt-5.5,xhigh,25,2026-07-14T16:01:24.962Z,73681,73344,337,287,0,287,73968,1069313,740096,329217,8397,1679,1077710
glm52-codex-02,glm52/routed_swiglu_prefill,019f6150-b81e-7730-9a0f-ffd286bcec37,gpt-5.5,xhigh,26,2026-07-14T16:01:50.792Z,77303,73344,3959,1020,373,647,78323,1146616,813440,333176,9417,2052,1156033
glm52-codex-02,glm52/routed_swiglu_prefill,019f6150-b81e-7730-9a0f-ffd286bcec37,gpt-5.5,xhigh,27,2026-07-14T16:02:34.531Z,78021,42112,35909,137,0,137,78158,1224637,855552,369085,9554,2052,1234191
glm52-codex-02,glm52/routed_swiglu_prefill,019f6150-b81e-7730-9a0f-ffd286bcec37,gpt-5.5,xhigh,28,2026-07-14T16:03:06.291Z,77769,0,77769,79,0,79,77848,1302406,855552,446854,9633,2052,1312039
glm52-codex-02,glm52/routed_swiglu_prefill,019f6150-b81e-7730-9a0f-ffd286bcec37,gpt-5.5,xhigh,29,2026-07-14T16:04:42.556Z,78985,76928,2057,397,81,316,79382,1381391,932480,448911,10030,2133,1391421
glm52-codex-02,glm52/routed_swiglu_prefill,019f6150-b81e-7730-9a0f-ffd286bcec37,gpt-5.5,xhigh,30,2026-07-14T16:05:28.026Z,83574,77952,5622,460,130,330,84034,1464965,1010432,454533,10490,2263,1475455
glm52-codex-02,glm52/routed_swiglu_prefill,019f6150-b81e-7730-9a0f-ffd286bcec37,gpt-5.5,xhigh,31,2026-07-14T16:06:25.872Z,88837,0,88837,844,512,332,89681,1553802,1010432,543370,11334,2775,1565136
glm52-codex-02,glm52/routed_swiglu_prefill,019f6150-b81e-7730-9a0f-ffd286bcec37,gpt-5.5,xhigh,32,2026-07-14T16:06:53.572Z,89240,22656,66584,95,0,95,89335,1643042,1033088,609954,11429,2775,1654471
glm52-codex-02,glm52/routed_swiglu_prefill,019f6150-b81e-7730-9a0f-ffd286bcec37,gpt-5.5,xhigh,33,2026-07-14T16:07:35.750Z,90051,78464,11587,773,297,476,90824,1733093,1111552,621541,12202,3072,1745295
glm52-codex-02,glm52/routed_swiglu_prefill,019f6150-b81e-7730-9a0f-ffd286bcec37,gpt-5.5,xhigh,34,2026-07-14T16:08:15.454Z,90598,89728,870,95,0,95,90693,1823691,1201280,622411,12297,3072,1835988
glm52-codex-02,glm52/routed_swiglu_prefill,019f6150-b81e-7730-9a0f-ffd286bcec37,gpt-5.5,xhigh,35,2026-07-14T16:09:14.767Z,91414,0,91414,1222,512,710,92636,1915105,1201280,713825,13519,3584,1928624
glm52-codex-02,glm52/routed_swiglu_prefill,019f6150-b81e-7730-9a0f-ffd286bcec37,gpt-5.5,xhigh,36,2026-07-14T16:11:02.352Z,91853,0,91853,1241,703,538,93094,2006958,1201280,805678,14760,4287,2021718
glm52-codex-02,glm52/routed_swiglu_prefill,019f6150-b81e-7730-9a0f-ffd286bcec37,gpt-5.5,xhigh,37,2026-07-14T16:11:56.378Z,93000,90240,2760,48,0,48,93048,2099958,1291520,808438,14808,4287,2114766
glm52-codex-02,glm52/routed_swiglu_prefill,019f6150-b81e-7730-9a0f-ffd286bcec37,gpt-5.5,xhigh,38,2026-07-14T16:12:43.211Z,94080,92800,1280,184,51,133,94264,2194038,1384320,809718,14992,4338,2209030
glm52-codex-02,glm52/routed_swiglu_prefill,019f6150-b81e-7730-9a0f-ffd286bcec37,gpt-5.5,xhigh,39,2026-07-14T16:14:36.800Z,94404,0,94404,193,54,139,94597,2288442,1384320,904122,15185,4392,2303627
glm52-codex-02,glm52/routed_swiglu_prefill,019f6150-b81e-7730-9a0f-ffd286bcec37,gpt-5.5,xhigh,40,2026-07-14T16:15:21.566Z,95227,83072,12155,46,0,46,95273,2383669,1467392,916277,15231,4392,2398900
glm52-codex-02,glm52/routed_swiglu_prefill,019f6150-b81e-7730-9a0f-ffd286bcec37,gpt-5.5,xhigh,41,2026-07-14T16:16:55.231Z,96305,0,96305,116,26,90,96421,2479974,1467392,1012582,15347,4418,2495321
glm52-codex-02,glm52/routed_swiglu_prefill,019f6150-b81e-7730-9a0f-ffd286bcec37,gpt-5.5,xhigh,42,2026-07-14T16:17:40.352Z,98347,95872,2475,165,30,135,98512,2578321,1563264,1015057,15512,4448,2593833
glm52-codex-02,glm52/routed_swiglu_prefill,019f6150-b81e-7730-9a0f-ffd286bcec37,gpt-5.5,xhigh,43,2026-07-14T16:18:49.879Z,98503,97920,583,86,0,86,98589,2676824,1661184,1015640,15598,4448,2692422
glm52-codex-02,glm52/routed_swiglu_prefill,019f6150-b81e-7730-9a0f-ffd286bcec37,gpt-5.5,xhigh,44,2026-07-14T16:20:31.695Z,98811,98432,379,544,226,318,99355,2775635,1759616,1016019,16142,4674,2791777
glm52-codex-02,glm52/routed_swiglu_prefill,019f6150-b81e-7730-9a0f-ffd286bcec37,gpt-5.5,xhigh,45,2026-07-14T16:21:28.072Z,102310,98432,3878,597,436,161,102907,2877945,1858048,1019897,16739,5110,2894684
glm52-codex-02,glm52/routed_swiglu_prefill,019f6150-b81e-7730-9a0f-ffd286bcec37,gpt-5.5,xhigh,46,2026-07-14T16:22:09.071Z,102492,102016,476,337,92,245,102829,2980437,1960064,1020373,17076,5202,2997513
glm52-codex-02,glm52/routed_swiglu_prefill,019f6150-b81e-7730-9a0f-ffd286bcec37,gpt-5.5,xhigh,47,2026-07-14T16:23:11.788Z,108235,102016,6219,1667,512,1155,109902,3088672,2062080,1026592,18743,5714,3107415
glm52-codex-02,glm52/routed_swiglu_prefill,019f6150-b81e-7730-9a0f-ffd286bcec37,gpt-5.5,xhigh,48,2026-07-14T16:24:01.611Z,109481,108160,1321,816,512,304,110297,3198153,2170240,1027913,19559,6226,3217712
glm52-codex-02,glm52/routed_swiglu_prefill,019f6150-b81e-7730-9a0f-ffd286bcec37,gpt-5.5,xhigh,49,2026-07-14T16:25:05.220Z,110903,109184,1719,1436,1024,412,112339,3309056,2279424,1029632,20995,7250,3330051
glm52-codex-02,glm52/routed_swiglu_prefill,019f6150-b81e-7730-9a0f-ffd286bcec37,gpt-5.5,xhigh,50,2026-07-14T16:25:57.118Z,111787,110720,1067,677,512,165,112464,3420843,2390144,1030699,21672,7762,3442515
glm52-codex-02,glm52/routed_swiglu_prefill,019f6150-b81e-7730-9a0f-ffd286bcec37,gpt-5.5,xhigh,51,2026-07-14T16:26:32.794Z,111973,94848,17125,34,0,34,112007,3532816,2484992,1047824,21706,7762,3554522
glm52-codex-02,glm52/routed_swiglu_prefill,019f6150-b81e-7730-9a0f-ffd286bcec37,gpt-5.5,xhigh,52,2026-07-14T16:27:17.636Z,111423,0,111423,480,0,480,111903,3644239,2484992,1159247,22186,7762,3666425
glm52-codex-03,glm52/sparse_mla_decode,019f6150-b892-7903-89af-519154d0b683,gpt-5.5,xhigh,1,2026-07-14T15:48:43.148Z,10452,0,10452,271,27,244,10723,10452,0,10452,271,27,10723
glm52-codex-03,glm52/sparse_mla_decode,019f6150-b892-7903-89af-519154d0b683,gpt-5.5,xhigh,2,2026-07-14T15:48:50.265Z,12459,10368,2091,172,79,93,12631,22911,10368,12543,443,106,23354
glm52-codex-03,glm52/sparse_mla_decode,019f6150-b892-7903-89af-519154d0b683,gpt-5.5,xhigh,3,2026-07-14T15:49:01.312Z,12671,0,12671,527,0,527,13198,35582,10368,25214,970,106,36552
glm52-codex-03,glm52/sparse_mla_decode,019f6150-b892-7903-89af-519154d0b683,gpt-5.5,xhigh,4,2026-07-14T15:49:27.935Z,25331,12416,12915,664,282,382,25995,60913,22784,38129,1634,388,62547
glm52-codex-03,glm52/sparse_mla_decode,019f6150-b892-7903-89af-519154d0b683,gpt-5.5,xhigh,5,2026-07-14T15:49:43.392Z,28506,12416,16090,411,41,370,28917,89419,35200,54219,2045,429,91464
glm52-codex-03,glm52/sparse_mla_decode,019f6150-b892-7903-89af-519154d0b683,gpt-5.5,xhigh,6,2026-07-14T15:49:51.124Z,29750,0,29750,155,55,100,29905,119169,35200,83969,2200,484,121369
glm52-codex-03,glm52/sparse_mla_decode,019f6150-b892-7903-89af-519154d0b683,gpt-5.5,xhigh,7,2026-07-14T15:50:36.309Z,31737,25216,6521,173,0,173,31910,150906,60416,90490,2373,484,153279
glm52-codex-03,glm52/sparse_mla_decode,019f6150-b892-7903-89af-519154d0b683,gpt-5.5,xhigh,8,2026-07-14T15:51:00.523Z,31970,28288,3682,101,9,92,32071,182876,88704,94172,2474,493,185350
glm52-codex-03,glm52/sparse_mla_decode,019f6150-b892-7903-89af-519154d0b683,gpt-5.5,xhigh,9,2026-07-14T15:52:29.901Z,32808,31872,936,721,404,317,33529,215684,120576,95108,3195,897,218879
glm52-codex-03,glm52/sparse_mla_decode,019f6150-b892-7903-89af-519154d0b683,gpt-5.5,xhigh,10,2026-07-14T15:52:52.790Z,34651,32384,2267,257,154,103,34908,250335,152960,97375,3452,1051,253787
glm52-codex-03,glm52/sparse_mla_decode,019f6150-b892-7903-89af-519154d0b683,gpt-5.5,xhigh,11,2026-07-14T15:53:22.050Z,40148,34432,5716,764,512,252,40912,290483,187392,103091,4216,1563,294699
glm52-codex-03,glm52/sparse_mla_decode,019f6150-b892-7903-89af-519154d0b683,gpt-5.5,xhigh,12,2026-07-14T15:54:45.975Z,40469,40064,405,145,0,145,40614,330952,227456,103496,4361,1563,335313
glm52-codex-03,glm52/sparse_mla_decode,019f6150-b892-7903-89af-519154d0b683,gpt-5.5,xhigh,13,2026-07-14T15:55:11.574Z,41341,31360,9981,577,362,215,41918,372293,258816,113477,4938,1925,377231
glm52-codex-03,glm52/sparse_mla_decode,019f6150-b892-7903-89af-519154d0b683,gpt-5.5,xhigh,14,2026-07-14T15:55:33.485Z,41625,40064,1561,114,0,114,41739,413918,298880,115038,5052,1925,418970
glm52-codex-03,glm52/sparse_mla_decode,019f6150-b892-7903-89af-519154d0b683,gpt-5.5,xhigh,15,2026-07-14T15:56:05.900Z,42503,29312,13191,1023,512,511,43526,456421,328192,128229,6075,2437,462496
glm52-codex-03,glm52/sparse_mla_decode,019f6150-b892-7903-89af-519154d0b683,gpt-5.5,xhigh,16,2026-07-14T15:56:42.843Z,55114,41088,14026,465,99,366,55579,511535,369280,142255,6540,2536,518075
glm52-codex-03,glm52/sparse_mla_decode,019f6150-b892-7903-89af-519154d0b683,gpt-5.5,xhigh,17,2026-07-14T15:57:24.030Z,56710,54912,1798,814,564,250,57524,568245,424192,144053,7354,3100,575599
glm52-codex-03,glm52/sparse_mla_decode,019f6150-b892-7903-89af-519154d0b683,gpt-5.5,xhigh,18,2026-07-14T15:57:50.377Z,57023,0,57023,177,0,177,57200,625268,424192,201076,7531,3100,632799
glm52-codex-03,glm52/sparse_mla_decode,019f6150-b892-7903-89af-519154d0b683,gpt-5.5,xhigh,19,2026-07-14T15:58:17.775Z,57275,56448,827,114,0,114,57389,682543,480640,201903,7645,3100,690188
glm52-codex-03,glm52/sparse_mla_decode,019f6150-b892-7903-89af-519154d0b683,gpt-5.5,xhigh,20,2026-07-14T15:58:29.835Z,58124,56960,1164,42,0,42,58166,740667,537600,203067,7687,3100,748354
glm52-codex-03,glm52/sparse_mla_decode,019f6150-b892-7903-89af-519154d0b683,gpt-5.5,xhigh,21,2026-07-14T15:58:55.318Z,59211,57984,1227,253,91,162,59464,799878,595584,204294,7940,3191,807818
glm52-codex-03,glm52/sparse_mla_decode,019f6150-b892-7903-89af-519154d0b683,gpt-5.5,xhigh,22,2026-07-14T15:59:51.123Z,59394,59008,386,108,0,108,59502,859272,654592,204680,8048,3191,867320
glm52-codex-03,glm52/sparse_mla_decode,019f6150-b892-7903-89af-519154d0b683,gpt-5.5,xhigh,23,2026-07-14T16:00:14.955Z,59306,0,59306,88,7,81,59394,918578,654592,263986,8136,3198,926714
glm52-codex-03,glm52/sparse_mla_decode,019f6150-b892-7903-89af-519154d0b683,gpt-5.5,xhigh,24,2026-07-14T16:00:43.389Z,65125,59008,6117,669,512,157,65794,983703,713600,270103,8805,3710,992508
glm52-codex-03,glm52/sparse_mla_decode,019f6150-b892-7903-89af-519154d0b683,gpt-5.5,xhigh,25,2026-07-14T16:01:16.241Z,65303,64640,663,145,0,145,65448,1049006,778240,270766,8950,3710,1057956
glm52-codex-03,glm52/sparse_mla_decode,019f6150-b892-7903-89af-519154d0b683,gpt-5.5,xhigh,26,2026-07-14T16:02:01.218Z,65523,65152,371,640,512,128,66163,1114529,843392,271137,9590,4222,1124119
glm52-codex-03,glm52/sparse_mla_decode,019f6150-b892-7903-89af-519154d0b683,gpt-5.5,xhigh,27,2026-07-14T16:02:36.096Z,67293,65152,2141,743,512,231,68036,1181822,908544,273278,10333,4734,1192155
glm52-codex-03,glm52/sparse_mla_decode,019f6150-b892-7903-89af-519154d0b683,gpt-5.5,xhigh,28,2026-07-14T16:02:54.732Z,67177,59008,8169,114,0,114,67291,1248999,967552,281447,10447,4734,1259446
glm52-codex-03,glm52/sparse_mla_decode,019f6150-b892-7903-89af-519154d0b683,gpt-5.5,xhigh,29,2026-07-14T16:03:08.309Z,68447,67200,1247,41,0,41,68488,1317446,1034752,282694,10488,4734,1327934
glm52-codex-03,glm52/sparse_mla_decode,019f6150-b892-7903-89af-519154d0b683,gpt-5.5,xhigh,30,2026-07-14T16:05:27.225Z,69533,41088,28445,416,270,146,69949,1386979,1075840,311139,10904,5004,1397883
glm52-codex-03,glm52/sparse_mla_decode,019f6150-b892-7903-89af-519154d0b683,gpt-5.5,xhigh,31,2026-07-14T16:05:39.630Z,69816,68224,1592,79,0,79,69895,1456795,1144064,312731,10983,5004,1467778
glm52-codex-03,glm52/sparse_mla_decode,019f6150-b892-7903-89af-519154d0b683,gpt-5.5,xhigh,32,2026-07-14T16:06:23.050Z,75297,69248,6049,395,226,169,75692,1532092,1213312,318780,11378,5230,1543470
glm52-codex-03,glm52/sparse_mla_decode,019f6150-b892-7903-89af-519154d0b683,gpt-5.5,xhigh,33,2026-07-14T16:07:09.770Z,75487,69760,5727,179,0,179,75666,1607579,1283072,324507,11557,5230,1619136
glm52-codex-03,glm52/sparse_mla_decode,019f6150-b892-7903-89af-519154d0b683,gpt-5.5,xhigh,34,2026-07-14T16:07:57.895Z,76212,75392,820,758,512,246,76970,1683791,1358464,325327,12315,5742,1696106
glm52-codex-03,glm52/sparse_mla_decode,019f6150-b892-7903-89af-519154d0b683,gpt-5.5,xhigh,35,2026-07-14T16:08:27.877Z,80040,0,80040,814,512,302,80854,1763831,1358464,405367,13129,6254,1776960
glm52-codex-03,glm52/sparse_mla_decode,019f6150-b892-7903-89af-519154d0b683,gpt-5.5,xhigh,36,2026-07-14T16:08:53.595Z,81577,80000,1577,1348,0,1348,82925,1845408,1438464,406944,14477,6254,1859885
glm52-codex-03,glm52/sparse_mla_decode,019f6150-b892-7903-89af-519154d0b683,gpt-5.5,xhigh,37,2026-07-14T16:10:25.632Z,83052,81536,1516,338,192,146,83390,1928460,1520000,408460,14815,6446,1943275
glm52-codex-03,glm52/sparse_mla_decode,019f6150-b892-7903-89af-519154d0b683,gpt-5.5,xhigh,38,2026-07-14T16:10:55.324Z,83277,82560,717,496,0,496,83773,2011737,1602560,409177,15311,6446,2027048
glm52-codex-03,glm52/sparse_mla_decode,019f6150-b892-7903-89af-519154d0b683,gpt-5.5,xhigh,39,2026-07-14T16:11:36.165Z,85482,66688,18794,462,128,334,85944,2097219,1669248,427971,15773,6574,2112992
glm52-codex-03,glm52/sparse_mla_decode,019f6150-b892-7903-89af-519154d0b683,gpt-5.5,xhigh,40,2026-07-14T16:12:16.216Z,86531,74880,11651,145,41,104,86676,2183750,1744128,439622,15918,6615,2199668
glm52-codex-03,glm52/sparse_mla_decode,019f6150-b892-7903-89af-519154d0b683,gpt-5.5,xhigh,41,2026-07-14T16:14:06.600Z,86657,0,86657,34,0,34,86691,2270407,1744128,526279,15952,6615,2286359
glm52-codex-03,glm52/sparse_mla_decode,019f6150-b892-7903-89af-519154d0b683,gpt-5.5,xhigh,42,2026-07-14T16:14:43.709Z,86885,83072,3813,346,0,346,87231,2357292,1827200,530092,16298,6615,2373590
glm52-codex-04,glm52/o_proj_decode,019f6150-b865-7c73-a939-0b3a0fdbbf06,gpt-5.5,xhigh,1,2026-07-14T15:48:45.072Z,10440,0,10440,241,37,204,10681,10440,0,10440,241,37,10681
glm52-codex-04,glm52/o_proj_decode,019f6150-b865-7c73-a939-0b3a0fdbbf06,gpt-5.5,xhigh,2,2026-07-14T15:48:55.582Z,13636,10368,3268,102,58,44,13738,24076,10368,13708,343,95,24419
glm52-codex-04,glm52/o_proj_decode,019f6150-b865-7c73-a939-0b3a0fdbbf06,gpt-5.5,xhigh,3,2026-07-14T15:49:04.863Z,13763,0,13763,525,74,451,14288,37839,10368,27471,868,169,38707
glm52-codex-04,glm52/o_proj_decode,019f6150-b865-7c73-a939-0b3a0fdbbf06,gpt-5.5,xhigh,4,2026-07-14T15:49:21.538Z,19280,0,19280,545,236,309,19825,57119,10368,46751,1413,405,58532
glm52-codex-04,glm52/o_proj_decode,019f6150-b865-7c73-a939-0b3a0fdbbf06,gpt-5.5,xhigh,5,2026-07-14T15:49:50.878Z,34620,19072,15548,921,344,577,35541,91739,29440,62299,2334,749,94073
glm52-codex-04,glm52/o_proj_decode,019f6150-b865-7c73-a939-0b3a0fdbbf06,gpt-5.5,xhigh,6,2026-07-14T15:50:13.408Z,49236,34432,14804,357,43,314,49593,140975,63872,77103,2691,792,143666
glm52-codex-04,glm52/o_proj_decode,019f6150-b865-7c73-a939-0b3a0fdbbf06,gpt-5.5,xhigh,7,2026-07-14T15:51:01.181Z,50644,48768,1876,547,99,448,51191,191619,112640,78979,3238,891,194857
glm52-codex-04,glm52/o_proj_decode,019f6150-b865-7c73-a939-0b3a0fdbbf06,gpt-5.5,xhigh,8,2026-07-14T15:52:48.061Z,56026,0,56026,115,21,94,56141,247645,112640,135005,3353,912,250998
glm52-codex-04,glm52/o_proj_decode,019f6150-b865-7c73-a939-0b3a0fdbbf06,gpt-5.5,xhigh,9,2026-07-14T15:53:22.383Z,56454,50304,6150,662,69,593,57116,304099,162944,141155,4015,981,308114
glm52-codex-04,glm52/o_proj_decode,019f6150-b865-7c73-a939-0b3a0fdbbf06,gpt-5.5,xhigh,10,2026-07-14T15:54:03.682Z,58576,55936,2640,259,37,222,58835,362675,218880,143795,4274,1018,366949
glm52-codex-04,glm52/o_proj_decode,019f6150-b865-7c73-a939-0b3a0fdbbf06,gpt-5.5,xhigh,11,2026-07-14T15:55:07.657Z,62275,58496,3779,481,262,219,62756,424950,277376,147574,4755,1280,429705
glm52-codex-04,glm52/o_proj_decode,019f6150-b865-7c73-a939-0b3a0fdbbf06,gpt-5.5,xhigh,12,2026-07-14T15:55:37.712Z,68894,62080,6814,534,148,386,69428,493844,339456,154388,5289,1428,499133
glm52-codex-04,glm52/o_proj_decode,019f6150-b865-7c73-a939-0b3a0fdbbf06,gpt-5.5,xhigh,13,2026-07-14T15:55:57.410Z,69419,68736,683,372,0,372,69791,563263,408192,155071,5661,1428,568924
glm52-codex-04,glm52/o_proj_decode,019f6150-b865-7c73-a939-0b3a0fdbbf06,gpt-5.5,xhigh,14,2026-07-14T15:56:40.201Z,69864,69248,616,191,0,191,70055,633127,477440,155687,5852,1428,638979
glm52-codex-04,glm52/o_proj_decode,019f6150-b865-7c73-a939-0b3a0fdbbf06,gpt-5.5,xhigh,15,2026-07-14T15:57:13.715Z,71677,0,71677,623,70,553,72300,704804,477440,227364,6475,1498,711279
glm52-codex-04,glm52/o_proj_decode,019f6150-b865-7c73-a939-0b3a0fdbbf06,gpt-5.5,xhigh,16,2026-07-14T15:57:24.542Z,72330,0,72330,132,0,132,72462,777134,477440,299694,6607,1498,783741
glm52-codex-04,glm52/o_proj_decode,019f6150-b865-7c73-a939-0b3a0fdbbf06,gpt-5.5,xhigh,17,2026-07-14T15:57:56.209Z,74503,71808,2695,803,459,344,75306,851637,549248,302389,7410,1957,859047
glm52-codex-04,glm52/o_proj_decode,019f6150-b865-7c73-a939-0b3a0fdbbf06,gpt-5.5,xhigh,18,2026-07-14T15:58:36.098Z,74914,71296,3618,169,0,169,75083,926551,620544,306007,7579,1957,934130
glm52-codex-04,glm52/o_proj_decode,019f6150-b865-7c73-a939-0b3a0fdbbf06,gpt-5.5,xhigh,19,2026-07-14T15:59:02.506Z,77596,0,77596,40,0,40,77636,1004147,620544,383603,7619,1957,1011766
glm52-codex-04,glm52/o_proj_decode,019f6150-b865-7c73-a939-0b3a0fdbbf06,gpt-5.5,xhigh,20,2026-07-14T16:00:09.280Z,78673,69760,8913,783,512,271,79456,1082820,690304,392516,8402,2469,1091222
glm52-codex-04,glm52/o_proj_decode,019f6150-b865-7c73-a939-0b3a0fdbbf06,gpt-5.5,xhigh,21,2026-07-14T16:00:44.221Z,82276,78464,3812,144,57,87,82420,1165096,768768,396328,8546,2526,1173642
glm52-codex-04,glm52/o_proj_decode,019f6150-b865-7c73-a939-0b3a0fdbbf06,gpt-5.5,xhigh,22,2026-07-14T16:01:22.207Z,85212,0,85212,760,191,569,85972,1250308,768768,481540,9306,2717,1259614
glm52-codex-04,glm52/o_proj_decode,019f6150-b865-7c73-a939-0b3a0fdbbf06,gpt-5.5,xhigh,23,2026-07-14T16:02:01.007Z,85864,0,85864,146,12,134,86010,1336172,768768,567404,9452,2729,1345624
glm52-codex-04,glm52/o_proj_decode,019f6150-b865-7c73-a939-0b3a0fdbbf06,gpt-5.5,xhigh,24,2026-07-14T16:02:49.186Z,91363,0,91363,441,88,353,91804,1427535,768768,658767,9893,2817,1437428
glm52-codex-04,glm52/o_proj_decode,019f6150-b865-7c73-a939-0b3a0fdbbf06,gpt-5.5,xhigh,25,2026-07-14T16:03:21.816Z,91783,82048,9735,115,0,115,91898,1519318,850816,668502,10008,2817,1529326
glm52-codex-04,glm52/o_proj_decode,019f6150-b865-7c73-a939-0b3a0fdbbf06,gpt-5.5,xhigh,26,2026-07-14T16:05:01.661Z,93184,91264,1920,878,512,366,94062,1612502,942080,670422,10886,3329,1623388
glm52-codex-04,glm52/o_proj_decode,019f6150-b865-7c73-a939-0b3a0fdbbf06,gpt-5.5,xhigh,27,2026-07-14T16:05:49.912Z,93617,92800,817,208,0,208,93825,1706119,1034880,671239,11094,3329,1717213
glm52-codex-04,glm52/o_proj_decode,019f6150-b865-7c73-a939-0b3a0fdbbf06,gpt-5.5,xhigh,28,2026-07-14T16:06:30.537Z,103144,93312,9832,1274,635,639,104418,1809263,1128192,681071,12368,3964,1821631
glm52-codex-04,glm52/o_proj_decode,019f6150-b865-7c73-a939-0b3a0fdbbf06,gpt-5.5,xhigh,29,2026-07-14T16:07:14.734Z,103914,103040,874,46,0,46,103960,1913177,1231232,681945,12414,3964,1925591
glm52-codex-04,glm52/o_proj_decode,019f6150-b865-7c73-a939-0b3a0fdbbf06,gpt-5.5,xhigh,30,2026-07-14T16:07:41.601Z,104565,85632,18933,576,425,151,105141,2017742,1316864,700878,12990,4389,2030732
glm52-codex-04,glm52/o_proj_decode,019f6150-b865-7c73-a939-0b3a0fdbbf06,gpt-5.5,xhigh,31,2026-07-14T16:08:28.621Z,105169,0,105169,176,0,176,105345,2122911,1316864,806047,13166,4389,2136077
glm52-codex-04,glm52/o_proj_decode,019f6150-b865-7c73-a939-0b3a0fdbbf06,gpt-5.5,xhigh,32,2026-07-14T16:10:37.788Z,108238,0,108238,541,68,473,108779,2231149,1316864,914285,13707,4457,2244856
glm52-codex-04,glm52/o_proj_decode,019f6150-b865-7c73-a939-0b3a0fdbbf06,gpt-5.5,xhigh,33,2026-07-14T16:11:26.466Z,110542,103552,6990,102,0,102,110644,2341691,1420416,921275,13809,4457,2355500
glm52-codex-04,glm52/o_proj_decode,019f6150-b865-7c73-a939-0b3a0fdbbf06,gpt-5.5,xhigh,34,2026-07-14T16:12:18.295Z,111561,110208,1353,1152,814,338,112713,2453252,1530624,922628,14961,5271,2468213
glm52-codex-04,glm52/o_proj_decode,019f6150-b865-7c73-a939-0b3a0fdbbf06,gpt-5.5,xhigh,35,2026-07-14T16:14:39.277Z,111991,111232,759,289,0,289,112280,2565243,1641856,923387,15250,5271,2580493
glm52-codex-04,glm52/o_proj_decode,019f6150-b865-7c73-a939-0b3a0fdbbf06,gpt-5.5,xhigh,36,2026-07-14T16:15:35.869Z,111825,0,111825,204,0,204,112029,2677068,1641856,1035212,15454,5271,2692522
glm52-codex-04,glm52/o_proj_decode,019f6150-b865-7c73-a939-0b3a0fdbbf06,gpt-5.5,xhigh,37,2026-07-14T16:17:06.504Z,114320,111744,2576,65,0,65,114385,2791388,1753600,1037788,15519,5271,2806907
glm52-codex-04,glm52/o_proj_decode,019f6150-b865-7c73-a939-0b3a0fdbbf06,gpt-5.5,xhigh,38,2026-07-14T16:18:23.743Z,115423,7808,107615,550,395,155,115973,2906811,1761408,1145403,16069,5666,2922880
glm52-codex-04,glm52/o_proj_decode,019f6150-b865-7c73-a939-0b3a0fdbbf06,gpt-5.5,xhigh,39,2026-07-14T16:20:26.174Z,115599,113792,1807,284,0,284,115883,3022410,1875200,1147210,16353,5666,3038763
glm52-codex-04,glm52/o_proj_decode,019f6150-b865-7c73-a939-0b3a0fdbbf06,gpt-5.5,xhigh,40,2026-07-14T16:21:42.209Z,115957,115328,629,196,0,196,116153,3138367,1990528,1147839,16549,5666,3154916
glm52-codex-04,glm52/o_proj_decode,019f6150-b865-7c73-a939-0b3a0fdbbf06,gpt-5.5,xhigh,41,2026-07-14T16:22:14.803Z,119586,115840,3746,128,37,91,119714,3257953,2106368,1151585,16677,5703,3274630
glm52-codex-04,glm52/o_proj_decode,019f6150-b865-7c73-a939-0b3a0fdbbf06,gpt-5.5,xhigh,42,2026-07-14T16:22:47.533Z,124782,119424,5358,869,512,357,125651,3382735,2225792,1156943,17546,6215,3400281
glm52-codex-04,glm52/o_proj_decode,019f6150-b865-7c73-a939-0b3a0fdbbf06,gpt-5.5,xhigh,43,2026-07-14T16:23:33.010Z,124577,104064,20513,222,110,112,124799,3507312,2329856,1177456,17768,6325,3525080
glm52-codex-04,glm52/o_proj_decode,019f6150-b865-7c73-a939-0b3a0fdbbf06,gpt-5.5,xhigh,44,2026-07-14T16:24:23.620Z,126481,74880,51601,331,0,331,126812,3633793,2404736,1229057,18099,6325,3651892
glm52-codex-04,glm52/o_proj_decode,019f6150-b865-7c73-a939-0b3a0fdbbf06,gpt-5.5,xhigh,45,2026-07-14T16:25:00.395Z,126885,0,126885,49,0,49,126934,3760678,2404736,1355942,18148,6325,3778826
glm52-codex-04,glm52/o_proj_decode,019f6150-b865-7c73-a939-0b3a0fdbbf06,gpt-5.5,xhigh,46,2026-07-14T16:26:11.981Z,127972,124544,3428,692,425,267,128664,3888650,2529280,1359370,18840,6750,3907490
glm52-codex-04,glm52/o_proj_decode,019f6150-b865-7c73-a939-0b3a0fdbbf06,gpt-5.5,xhigh,47,2026-07-14T16:26:59.780Z,131573,127616,3957,57,0,57,131630,4020223,2656896,1363327,18897,6750,4039120
glm52-codex-04,glm52/o_proj_decode,019f6150-b865-7c73-a939-0b3a0fdbbf06,gpt-5.5,xhigh,48,2026-07-14T16:27:40.210Z,132668,131200,1468,191,98,93,132859,4152891,2788096,1364795,19088,6848,4171979
glm52-codex-04,glm52/o_proj_decode,019f6150-b865-7c73-a939-0b3a0fdbbf06,gpt-5.5,xhigh,49,2026-07-14T16:28:22.478Z,135876,132224,3652,877,512,365,136753,4288767,2920320,1368447,19965,7360,4308732
glm52-codex-04,glm52/o_proj_decode,019f6150-b865-7c73-a939-0b3a0fdbbf06,gpt-5.5,xhigh,50,2026-07-14T16:30:06.871Z,136308,0,136308,782,512,270,137090,4425075,2920320,1504755,20747,7872,4445822
glm52-codex-04,glm52/o_proj_decode,019f6150-b865-7c73-a939-0b3a0fdbbf06,gpt-5.5,xhigh,51,2026-07-14T16:31:59.823Z,142055,135808,6247,47,0,47,142102,4567130,3056128,1511002,20794,7872,4587924
glm52-codex-04,glm52/o_proj_decode,019f6150-b865-7c73-a939-0b3a0fdbbf06,gpt-5.5,xhigh,52,2026-07-14T16:32:54.073Z,143140,141952,1188,605,512,93,143745,4710270,3198080,1512190,21399,8384,4731669
glm52-codex-04,glm52/o_proj_decode,019f6150-b865-7c73-a939-0b3a0fdbbf06,gpt-5.5,xhigh,53,2026-07-14T16:33:54.161Z,146347,142976,3371,722,512,210,147069,4856617,3341056,1515561,22121,8896,4878738
glm52-codex-04,glm52/o_proj_decode,019f6150-b865-7c73-a939-0b3a0fdbbf06,gpt-5.5,xhigh,54,2026-07-14T16:35:14.078Z,146784,146048,736,2480,1024,1456,149264,5003401,3487104,1516297,24601,9920,5028002
glm52-codex-04,glm52/o_proj_decode,019f6150-b865-7c73-a939-0b3a0fdbbf06,gpt-5.5,xhigh,55,2026-07-14T16:36:03.241Z,148314,146560,1754,314,0,314,148628,5151715,3633664,1518051,24915,9920,5176630
glm52-codex-04,glm52/o_proj_decode,019f6150-b865-7c73-a939-0b3a0fdbbf06,gpt-5.5,xhigh,56,2026-07-14T16:36:55.492Z,149510,0,149510,225,135,90,149735,5301225,3633664,1667561,25140,10055,5326365
glm52-codex-04,glm52/o_proj_decode,019f6150-b865-7c73-a939-0b3a0fdbbf06,gpt-5.5,xhigh,57,2026-07-14T16:37:53.147Z,150406,148096,2310,191,167,24,150597,5451631,3781760,1669871,25331,10222,5476962
glm52-codex-04,glm52/o_proj_decode,019f6150-b865-7c73-a939-0b3a0fdbbf06,gpt-5.5,xhigh,58,2026-07-14T16:38:34.702Z,150615,150144,471,263,0,263,150878,5602246,3931904,1670342,25594,10222,5627840
glm52-codex-05,glm52/routed_down_decode,019f6150-b876-7be1-a1a3-5b44dd07ad2d,gpt-5.5,xhigh,1,2026-07-14T15:48:42.856Z,10446,0,10446,101,52,49,10547,10446,0,10446,101,52,10547
glm52-codex-05,glm52/routed_down_decode,019f6150-b876-7be1-a1a3-5b44dd07ad2d,gpt-5.5,xhigh,2,2026-07-14T15:48:52.375Z,10615,0,10615,259,41,218,10874,21061,0,21061,360,93,21421
glm52-codex-05,glm52/routed_down_decode,019f6150-b876-7be1-a1a3-5b44dd07ad2d,gpt-5.5,xhigh,3,2026-07-14T15:49:07.504Z,13814,0,13814,486,38,448,14300,34875,0,34875,846,131,35721
glm52-codex-05,glm52/routed_down_decode,019f6150-b876-7be1-a1a3-5b44dd07ad2d,gpt-5.5,xhigh,4,2026-07-14T15:49:35.590Z,22609,3712,18897,675,394,281,23284,57484,3712,53772,1521,525,59005
glm52-codex-05,glm52/routed_down_decode,019f6150-b876-7be1-a1a3-5b44dd07ad2d,gpt-5.5,xhigh,5,2026-07-14T15:49:51.949Z,25027,13440,11587,304,59,245,25331,82511,17152,65359,1825,584,84336
glm52-codex-05,glm52/routed_down_decode,019f6150-b876-7be1-a1a3-5b44dd07ad2d,gpt-5.5,xhigh,6,2026-07-14T15:50:15.845Z,39054,0,39054,337,82,255,39391,121565,17152,104413,2162,666,123727
glm52-codex-05,glm52/routed_down_decode,019f6150-b876-7be1-a1a3-5b44dd07ad2d,gpt-5.5,xhigh,7,2026-07-14T15:50:39.304Z,42134,38528,3606,250,38,212,42384,163699,55680,108019,2412,704,166111
glm52-codex-05,glm52/routed_down_decode,019f6150-b876-7be1-a1a3-5b44dd07ad2d,gpt-5.5,xhigh,8,2026-07-14T15:51:32.747Z,47211,0,47211,992,484,508,48203,210910,55680,155230,3404,1188,214314
glm52-codex-05,glm52/routed_down_decode,019f6150-b876-7be1-a1a3-5b44dd07ad2d,gpt-5.5,xhigh,9,2026-07-14T15:53:08.144Z,49853,10368,39485,722,328,394,50575,260763,66048,194715,4126,1516,264889
glm52-codex-05,glm52/routed_down_decode,019f6150-b876-7be1-a1a3-5b44dd07ad2d,gpt-5.5,xhigh,10,2026-07-14T15:53:30.946Z,54863,0,54863,537,228,309,55400,315626,66048,249578,4663,1744,320289
glm52-codex-05,glm52/routed_down_decode,019f6150-b876-7be1-a1a3-5b44dd07ad2d,gpt-5.5,xhigh,11,2026-07-14T15:54:58.741Z,58718,0,58718,685,253,432,59403,374344,66048,308296,5348,1997,379692
glm52-codex-05,glm52/routed_down_decode,019f6150-b876-7be1-a1a3-5b44dd07ad2d,gpt-5.5,xhigh,12,2026-07-14T15:55:24.552Z,61303,49792,11511,184,0,184,61487,435647,115840,319807,5532,1997,441179
glm52-codex-05,glm52/routed_down_decode,019f6150-b876-7be1-a1a3-5b44dd07ad2d,gpt-5.5,xhigh,13,2026-07-14T15:55:52.938Z,63388,0,63388,395,34,361,63783,499035,115840,383195,5927,2031,504962
glm52-codex-05,glm52/routed_down_decode,019f6150-b876-7be1-a1a3-5b44dd07ad2d,gpt-5.5,xhigh,14,2026-07-14T15:56:28.970Z,82414,61056,21358,246,34,212,82660,581449,176896,404553,6173,2065,587622
glm52-codex-05,glm52/routed_down_decode,019f6150-b876-7be1-a1a3-5b44dd07ad2d,gpt-5.5,xhigh,15,2026-07-14T15:57:02.368Z,83534,63104,20430,408,0,408,83942,664983,240000,424983,6581,2065,671564
glm52-codex-05,glm52/routed_down_decode,019f6150-b876-7be1-a1a3-5b44dd07ad2d,gpt-5.5,xhigh,16,2026-07-14T15:57:34.323Z,84016,0,84016,256,0,256,84272,748999,240000,508999,6837,2065,755836
glm52-codex-05,glm52/routed_down_decode,019f6150-b876-7be1-a1a3-5b44dd07ad2d,gpt-5.5,xhigh,17,2026-07-14T15:58:09.364Z,85582,82048,3534,272,50,222,85854,834581,322048,512533,7109,2115,841690
glm52-codex-05,glm52/routed_down_decode,019f6150-b876-7be1-a1a3-5b44dd07ad2d,gpt-5.5,xhigh,18,2026-07-14T15:58:52.747Z,85872,85120,752,248,0,248,86120,920453,407168,513285,7357,2115,927810
glm52-codex-05,glm52/routed_down_decode,019f6150-b876-7be1-a1a3-5b44dd07ad2d,gpt-5.5,xhigh,19,2026-07-14T15:59:48.775Z,87138,85632,1506,167,31,136,87305,1007591,492800,514791,7524,2146,1015115
glm52-codex-05,glm52/routed_down_decode,019f6150-b876-7be1-a1a3-5b44dd07ad2d,gpt-5.5,xhigh,20,2026-07-14T16:00:29.401Z,88237,0,88237,122,0,122,88359,1095828,492800,603028,7646,2146,1103474
glm52-codex-05,glm52/routed_down_decode,019f6150-b876-7be1-a1a3-5b44dd07ad2d,gpt-5.5,xhigh,21,2026-07-14T16:01:01.541Z,89534,86656,2878,414,209,205,89948,1185362,579456,605906,8060,2355,1193422
glm52-codex-05,glm52/routed_down_decode,019f6150-b876-7be1-a1a3-5b44dd07ad2d,gpt-5.5,xhigh,22,2026-07-14T16:01:44.724Z,93748,0,93748,132,0,132,93880,1279110,579456,699654,8192,2355,1287302
glm52-codex-05,glm52/routed_down_decode,019f6150-b876-7be1-a1a3-5b44dd07ad2d,gpt-5.5,xhigh,23,2026-07-14T16:02:28.418Z,100107,89216,10891,77,0,77,100184,1379217,668672,710545,8269,2355,1387486
glm52-codex-05,glm52/routed_down_decode,019f6150-b876-7be1-a1a3-5b44dd07ad2d,gpt-5.5,xhigh,24,2026-07-14T16:04:27.528Z,102988,99968,3020,213,0,213,103201,1482205,768640,713565,8482,2355,1490687
glm52-codex-05,glm52/routed_down_decode,019f6150-b876-7be1-a1a3-5b44dd07ad2d,gpt-5.5,xhigh,25,2026-07-14T16:05:44.149Z,105306,102528,2778,1824,1137,687,107130,1587511,871168,716343,10306,3492,1597817
glm52-codex-05,glm52/routed_down_decode,019f6150-b876-7be1-a1a3-5b44dd07ad2d,gpt-5.5,xhigh,26,2026-07-14T16:06:51.183Z,107093,105088,2005,386,242,144,107479,1694604,976256,718348,10692,3734,1705296
glm52-codex-05,glm52/routed_down_decode,019f6150-b876-7be1-a1a3-5b44dd07ad2d,gpt-5.5,xhigh,27,2026-07-14T16:07:47.069Z,108061,0,108061,833,0,833,108894,1802665,976256,826409,11525,3734,1814190
glm52-codex-05,glm52/routed_down_decode,019f6150-b876-7be1-a1a3-5b44dd07ad2d,gpt-5.5,xhigh,28,2026-07-14T16:08:26.627Z,109920,41600,68320,112,0,112,110032,1912585,1017856,894729,11637,3734,1924222
glm52-codex-05,glm52/routed_down_decode,019f6150-b876-7be1-a1a3-5b44dd07ad2d,gpt-5.5,xhigh,29,2026-07-14T16:09:47.416Z,111073,106624,4449,178,32,146,111251,2023658,1124480,899178,11815,3766,2035473
glm52-codex-05,glm52/routed_down_decode,019f6150-b876-7be1-a1a3-5b44dd07ad2d,gpt-5.5,xhigh,30,2026-07-14T16:10:58.957Z,111240,110720,520,160,0,160,111400,2134898,1235200,899698,11975,3766,2146873
glm52-codex-05,glm52/routed_down_decode,019f6150-b876-7be1-a1a3-5b44dd07ad2d,gpt-5.5,xhigh,31,2026-07-14T16:12:30.213Z,113079,110720,2359,1682,1023,659,114761,2247977,1345920,902057,13657,4789,2261634
glm52-codex-05,glm52/routed_down_decode,019f6150-b876-7be1-a1a3-5b44dd07ad2d,gpt-5.5,xhigh,32,2026-07-14T16:14:49.117Z,114472,112768,1704,2353,2041,312,116825,2362449,1458688,903761,16010,6830,2378459
glm52-codex-05,glm52/routed_down_decode,019f6150-b876-7be1-a1a3-5b44dd07ad2d,gpt-5.5,xhigh,33,2026-07-14T16:17:16.164Z,115978,107648,8330,457,340,117,116435,2478427,1566336,912091,16467,7170,2494894
glm52-codex-05,glm52/routed_down_decode,019f6150-b876-7be1-a1a3-5b44dd07ad2d,gpt-5.5,xhigh,34,2026-07-14T16:18:34.502Z,117037,115840,1197,2886,2633,253,119923,2595464,1682176,913288,19353,9803,2614817
glm52-codex-05,glm52/routed_down_decode,019f6150-b876-7be1-a1a3-5b44dd07ad2d,gpt-5.5,xhigh,35,2026-07-14T16:20:46.032Z,117364,0,117364,694,512,182,118058,2712828,1682176,1030652,20047,10315,2732875
glm52-codex-05,glm52/routed_down_decode,019f6150-b876-7be1-a1a3-5b44dd07ad2d,gpt-5.5,xhigh,36,2026-07-14T16:21:44.837Z,118339,116864,1475,1659,512,1147,119998,2831167,1799040,1032127,21706,10827,2852873
glm52-codex-05,glm52/routed_down_decode,019f6150-b876-7be1-a1a3-5b44dd07ad2d,gpt-5.5,xhigh,37,2026-07-14T16:22:19.109Z,119560,117888,1672,120,0,120,119680,2950727,1916928,1033799,21826,10827,2972553
glm52-codex-05,glm52/routed_down_decode,019f6150-b876-7be1-a1a3-5b44dd07ad2d,gpt-5.5,xhigh,38,2026-07-14T16:23:11.124Z,119774,0,119774,135,0,135,119909,3070501,1916928,1153573,21961,10827,3092462
glm52-codex-05,glm52/routed_down_decode,019f6150-b876-7be1-a1a3-5b44dd07ad2d,gpt-5.5,xhigh,39,2026-07-14T16:23:59.595Z,119936,116864,3072,230,0,230,120166,3190437,2033792,1156645,22191,10827,3212628
glm52-codex-05,glm52/routed_down_decode,019f6150-b876-7be1-a1a3-5b44dd07ad2d,gpt-5.5,xhigh,40,2026-07-14T16:25:42.313Z,121569,119424,2145,802,512,290,122371,3312006,2153216,1158790,22993,11339,3334999
glm52-codex-05,glm52/routed_down_decode,019f6150-b876-7be1-a1a3-5b44dd07ad2d,gpt-5.5,xhigh,41,2026-07-14T16:26:35.951Z,124951,121472,3479,671,512,159,125622,3436957,2274688,1162269,23664,11851,3460621
glm52-codex-05,glm52/routed_down_decode,019f6150-b876-7be1-a1a3-5b44dd07ad2d,gpt-5.5,xhigh,42,2026-07-14T16:27:34.088Z,125131,124544,587,1128,0,1128,126259,3562088,2399232,1162856,24792,11851,3586880
glm52-codex-05,glm52/routed_down_decode,019f6150-b876-7be1-a1a3-5b44dd07ad2d,gpt-5.5,xhigh,43,2026-07-14T16:28:27.624Z,126382,125056,1326,1251,908,343,127633,3688470,2524288,1164182,26043,12759,3714513
glm52-codex-05,glm52/routed_down_decode,019f6150-b876-7be1-a1a3-5b44dd07ad2d,gpt-5.5,xhigh,44,2026-07-14T16:29:39.640Z,127951,126080,1871,1368,1175,193,129319,3816421,2650368,1166053,27411,13934,3843832
glm52-codex-05,glm52/routed_down_decode,019f6150-b876-7be1-a1a3-5b44dd07ad2d,gpt-5.5,xhigh,45,2026-07-14T16:31:54.982Z,128153,127616,537,18,0,18,128171,3944574,2777984,1166590,27429,13934,3972003
glm52-codex-05,glm52/routed_down_decode,019f6150-b876-7be1-a1a3-5b44dd07ad2d,gpt-5.5,xhigh,46,2026-07-14T16:32:35.560Z,128367,127616,751,492,0,492,128859,4072941,2905600,1167341,27921,13934,4100862
